﻿id;Наименование продукции;Тип продукции;Артикул;Описание;Изображение;Количество человек для производства;Номер цеха для производства;Минимальная стоимость для агента
1;Полотенце 28М Клубника;3;334385;;\products\paper_20.jpg;2;6;9208
2;Набор 24М Дыня;2;337632;;;5;5;11471
3;Набор 9М Бриз;2;259548;;;4;5;2317
4;Набор 50М Клубника;4;278721;;;3;1;14220
5;Полотенце 24М Дыня;2;264493;;;5;10;10479
6;Бумага 21М Дыня;5;366160;;\products\paper_2.jpg;1;2;11064
7;Полотенце 37М Клубника;1;292358;;;4;2;3961
8;Набор 6М Бриз;1;289779;;;1;6;14154
9;Бумага 37М Клубника;4;442634;;\products\paper_14.jpg;5;4;12664
10;Набор 41М Дыня;1;385037;;\products\paper_21.jpg;5;9;3295
11;Бумага 26М Ваниль;5;444337;;;4;4;3007
12;Бумага 50М Ваниль;4;454479;;;3;9;3163
13;Набор 25М Бриз;1;434113;;;4;4;13047
14;Бумага 32М Бриз;4;379800;;;1;7;6832
15;Полотенце 41М Дыня;4;239349;;;2;9;6238
16;Бумага 9М Ваниль;4;446348;;;3;1;13568
17;Бумага 3М Бриз;2;260492;;;1;9;8278
18;Бумага 5М Дыня;1;256862;;\products\paper_5.jpg;5;5;3712
19;Полотенце 16М Ваниль;5;259488;;;3;6;10095
20;Бумага 44М Бриз;1;422185;;;2;5;6441
21;Набор 19М Дыня;5;382063;;;1;7;2373
22;Бумага 29М Клубника;1;334943;;;1;10;5997
23;Полотенце 27М Дыня;2;238686;;;2;2;7864
24;Набор 11М Дыня;2;450659;;\products\paper_16.jpg;3;7;5956
25;Полотенце 48М Клубника;5;292206;;;3;3;9801
26;Полотенце 16М Бриз;3;418298;;;2;1;7342
27;Полотенце 14М Клубника;2;309862;;\products\paper_17.jpg;4;8;10682
28;Полотенце 43М Клубника;5;425641;;;2;6;14151
29;Набор 19М Бриз;4;277950;;;5;9;9962
30;Набор 32М Клубника;5;351062;;;3;8;4450
31;Набор 26М Дыня;2;279801;;;2;1;4628
32;Бумага 15М Клубника;2;449359;;;3;7;10009
33;Полотенце 45М Бриз;4;303994;;\products\paper_6.jpg;2;1;13081
34;Набор 50М Бриз;2;414595;;\products\paper_8.jpg;4;6;10750
35;Набор 16М Дыня;1;376834;;;4;6;11927
36;Бумага 45М Бриз;4;374276;;;3;9;13605
37;Бумага 45М Клубника;5;400484;;;3;4;3475
38;Бумага 16М Дыня;5;262257;;;5;2;9107
39;Набор 40М Дыня;4;346154;;;4;8;3427
40;Бумага 33М Бриз;2;347239;;;5;9;13767
41;Полотенце 45М Клубника;3;352034;;;2;5;11939
42;Набор 43М Клубника;1;443538;;;1;10;13786
43;Набор 34М Ваниль;5;316033;;;1;4;13533
44;Бумага 32М Дыня;1;268393;;;4;3;7424
45;Бумага 12М Бриз;1;426804;;;1;4;10703
46;Полотенце 6М Ваниль;2;324941;;;1;2;5594
47;Полотенце 47М Клубника;1;378723;;;4;2;3871
48;Полотенце 15М Бриз;1;365615;;;1;6;13013
49;Набор 9М Дыня;1;440942;;;3;4;2580
50;Набор 17М Клубника;5;441239;;;2;10;14863
51;Набор 5М Бриз;2;278382;;;3;9;7325
52;Набор 29М Ваниль;3;344868;;\products\paper_4.jpg;1;9;7618
53;Набор 31М Дыня;1;449401;;;5;10;5236
54;Набор 45М Бриз;2;349802;;;1;8;12040
55;Бумага 13М Дыня;3;348651;;;3;8;3477
56;Набор 24М Клубника;4;296007;;;2;3;14162
57;Набор 10М Дыня;1;431234;;\products\paper_22.jpg;4;9;3816
58;Бумага 12М Клубника;1;456129;;\products\paper_1.jpg;3;4;6467
59;Полотенце 11М Дыня;5;400418;;\products\paper_25.jpg;2;7;11660
60;Набор 42М Дыня;4;390914;;\products\paper_13.jpg;5;10;14344
61;Бумага 5М Бриз;1;345239;;;1;8;9243
62;Набор 14М Дыня;3;373939;;;2;3;3382
63;Бумага 33М Клубника;3;252485;;\products\paper_0.jpg;3;6;4240
64;Набор 34М Клубника;2;381110;;;3;1;2372
65;Полотенце 14М Дыня;2;331688;;;2;8;10330
66;Бумага 40М Бриз;2;326200;;\products\paper_19.jpg;5;1;12927
67;Бумага 20М Клубника;1;253218;;;2;6;11684
68;Бумага 50М Бриз;4;340583;;\products\paper_15.jpg;4;7;6788
69;Полотенце 23М Ваниль;3;437519;;;1;10;3317
70;Набор 8М Дыня;1;240580;;;5;2;7465
71;Бумага 10М Клубника;2;275591;;\products\paper_7.jpg;4;8;13600
72;Набор 41М Клубника;5;281425;;\products\paper_23.jpg;4;6;9908
73;Набор 10М Ваниль;5;261465;;\products\paper_12.jpg;5;3;13028
74;Полотенце 17М Бриз;2;309067;;\products\paper_24.jpg;1;6;13825
75;Полотенце 27М Ваниль;2;278463;;\products\paper_10.jpg;3;5;3978
76;Полотенце 50М Ваниль;3;310212;;\products\paper_11.jpg;1;10;13204
77;Набор 20М Бриз;1;377042;;\products\paper_9.jpg;5;9;9227
78;Полотенце 47М Дыня;5;294441;;;4;5;11460
79;Бумага 29М Дыня;3;332522;;\products\paper_18.jpg;3;6;5439
80;Полотенце 44М Ваниль;1;357053;;;5;1;3396
81;Полотенце 7М Ваниль;4;397143;;;2;9;2868
82;Бумага 49М Бриз;3;414339;;;1;6;10786
83;Полотенце 7М Бриз;2;350515;;;2;2;4986
84;Полотенце 25М Бриз;3;258695;;;1;8;3631
85;Полотенце 17М Ваниль;5;403054;;;2;9;5048
86;Бумага 14М Бриз;4;310507;;;1;3;7846
87;Набор 40М Бриз;2;353930;;;2;8;12767
88;Набор 22М Клубника;3;360424;;;4;3;13524
89;Бумага 13М Бриз;2;349861;;;4;6;3842
90;Бумага 7М Ваниль;5;290729;;;4;4;6934
91;Набор 24М Ваниль;1;374263;;;5;9;3907
92;Набор 43М Дыня;3;330360;;;5;4;5867
93;Полотенце 33М Бриз;5;297840;;;4;1;4611
94;Набор 12М Бриз;4;349614;;\products\paper_3.jpg;1;7;2551
95;Бумага 38М Ваниль;3;416066;;;2;2;12175
96;Бумага 20М Бриз;4;285792;;;3;7;14370
97;Бумага 28М Дыня;4;298632;;;4;4;14671
98;Бумага 10М Дыня;1;446103;;;1;3;13975
99;Набор 22М Бриз;4;443382;;;3;5;4501
100;Набор 18М Ваниль;3;331270;;;4;8;11171
